id,username,category,profilePicUrl,followers,reelsCount30d,avgViews30d,lastScrapedAt
e3fbea99-cb23-4df3-a9b3-3bfa29518ce1,nick_saraev,4. AI CREATORS,https://scontent-den2-1.cdninstagram.com/v/t51.2885-19/474740916_1843193596487436_7809450024972527192_n.jpg?stp=dst-jpg_e0_s150x150_tt6&efg=eyJ2ZW5jb2RlX3RhZyI6InByb2ZpbGVfcGljLmRqYW5nby4xMDgwLmMyIn0&_nc_ht=scontent-den2-1.cdninstagram.com&_nc_cat=100&_nc_oc=Q6cZ2gHlbzgbOsReDjpBiFUBavLJnqMLwr1hAtI3XU5JTOp0wyBLSwXmLXSs4chGiW3qluI&_nc_ohc=CRnYY6hB1rEQ7kNvwGojZml&_nc_gid=ZBNTQSm2GO0BH8s5DIjvUw&edm=AOQ1c0wBAAAA&ccb=7-5&oh=00_Af_naPX3Ci6mrMnYVaZW1P7H4ncvTfCpE6YA2ESf3C77wA&oe=6A34C9B6&_nc_sid=8b3546,518010,8,171461,2026-06-14T17:14:22.260Z
4f7c9664-b368-4961-9005-324085e92aee,nateherkai,4. AI CREATORS,https://scontent-iad6-1.cdninstagram.com/v/t51.82787-19/589100350_17903463765296898_7210988525837429305_n.jpg?stp=dst-jpg_e0_s150x150_tt6&efg=eyJ2ZW5jb2RlX3RhZyI6InByb2ZpbGVfcGljLmRqYW5nby4xMDgwLmMyIn0&_nc_ht=scontent-iad6-1.cdninstagram.com&_nc_cat=106&_nc_oc=Q6cZ2gGM85MEYEvvzxaB703Wq0xmxl2rLv3DwaiEFpJMICxGTDfQsIXev2xG94ZPzqbTYQ0&_nc_ohc=yOAOMfXTJy4Q7kNvwGnrE1P&_nc_gid=N5WbHfyKYCz9Wciz-r5Wtg&edm=AOQ1c0wBAAAA&ccb=7-5&oh=00_Af_vcoDDiUDeIRRNYC_rJp3V7rxmgOFzIDJtLXeVJKekMA&oe=6A34AA2C&_nc_sid=8b3546,249855,28,51050,2026-06-14T17:15:43.487Z
70674822-ca6e-4dfd-9074-43fbcb80b720,rpn,4. AI CREATORS,https://scontent-iad6-1.cdninstagram.com/v/t51.2885-19/356616546_965710351247179_4228322559225150670_n.jpg?stp=dst-jpg_e0_s150x150_tt6&efg=eyJ2ZW5jb2RlX3RhZyI6InByb2ZpbGVfcGljLmRqYW5nby44MDAuYzIifQ&_nc_ht=scontent-iad6-1.cdninstagram.com&_nc_cat=1&_nc_oc=Q6cZ2gHwOMc2FwfZxcS-2vk_g1hcIacXEPdMFmu8KMFiLbZfmKy2-HbCLOsvrPYLuRVyhuw&_nc_ohc=P_jZ1QzsegkQ7kNvwHBO6oG&_nc_gid=cSkhm6gtZtNtxlQ32FyqhQ&edm=AOQ1c0wBAAAA&ccb=7-5&oh=00_Af_T8p3Vzc3vpIABqSiKIuCZ334yFBAssnq64htXfUQt1g&oe=6A34B953&_nc_sid=8b3546,881246,9,440779,2026-06-14T17:16:34.896Z
99534a0b-3b68-4cae-b8a6-38c37c287195,rourke,4. AI CREATORS,https://scontent-lga3-1.cdninstagram.com/v/t51.2885-19/501132908_17912336154146282_6417470350579865965_n.jpg?stp=dst-jpg_e0_s150x150_tt6&efg=eyJ2ZW5jb2RlX3RhZyI6InByb2ZpbGVfcGljLmRqYW5nby45MDcuYzIifQ&_nc_ht=scontent-lga3-1.cdninstagram.com&_nc_cat=1&_nc_oc=Q6cZ2gGnZnscKFmtmM_eFiqWqdzaogcOMQeDEetqTe4t9W6bFbZLYRb6ZVXuqrBk20McmMg&_nc_ohc=eCmWfJb_ROQQ7kNvwHSx9Fp&_nc_gid=x7t8si8gPaSuGKVWAkmnaA&edm=AOQ1c0wBAAAA&ccb=7-5&oh=00_Af-kBlu-wailAzbzgf3lEpoYwioYt9sz5oidxzF-8XbG5A&oe=6A34C0FB&_nc_sid=8b3546,916922,14,6312682,2026-06-14T17:17:33.017Z
a64e3586-66a9-428f-abdc-be5340bb29f3,kallaway,4. AI CREATORS,https://scontent-lga3-1.cdninstagram.com/v/t51.2885-19/480836572_599921426361567_7460727147764673960_n.jpg?stp=dst-jpg_e0_s150x150_tt6&efg=eyJ2ZW5jb2RlX3RhZyI6InByb2ZpbGVfcGljLmRqYW5nby4xMDgwLmMyIn0&_nc_ht=scontent-lga3-1.cdninstagram.com&_nc_cat=103&_nc_oc=Q6cZ2gHacoD5rnu1k4ni77SpsPbJsVGWjKBHr9eKTif8FEbGUpM-41Q6V9Ow0LiPfNcnY6M&_nc_ohc=8TN-k8_bGiAQ7kNvwGzSNlC&_nc_gid=KQtG7j7Ocil5INJJ7V9SCg&edm=AOQ1c0wBAAAA&ccb=7-5&oh=00_Af9-iGV6OpmYBL_lyxa8NPxIii2OlG795nfn2kPpUgzr_Q&oe=6A34A301&_nc_sid=8b3546,438303,7,1083353,2026-06-14T17:18:12.433Z
993d1758-a3be-48c8-8301-455889ac67f0,sajon.co,1. LEADER CONTENT,https://scontent-atl3-3.cdninstagram.com/v/t51.82787-19/640315545_18173804674375834_5120234276123797087_n.jpg?stp=dst-jpg_e0_s150x150_tt6&efg=eyJ2ZW5jb2RlX3RhZyI6InByb2ZpbGVfcGljLmRqYW5nby4xMDgwLmMyIn0&_nc_ht=scontent-atl3-3.cdninstagram.com&_nc_cat=110&_nc_oc=Q6cZ2gGNZjIgBY-czrHsxIgd-KDPqFb1fVBZCV13aVstiZiMj610A7MAZIbQLBxYpirVPqc&_nc_ohc=WwIGzPsscBcQ7kNvwF3IhpU&_nc_gid=pGwIfh2O9ZwBhGzp2_9Xxg&edm=AOQ1c0wBAAAA&ccb=7-5&oh=00_Af9DWV4b0CZUtlvAOfaulw0pfTHTylerlmobHIEBFdDkmQ&oe=6A34A904&_nc_sid=8b3546,208139,1,113345,2026-06-14T17:18:30.090Z
12e2bd9b-6b0c-4e5e-a443-fc63e5fd81bb,prithvi.jadwani,1. LEADER CONTENT,https://scontent-den2-1.cdninstagram.com/v/t51.2885-19/503554427_17901090333207976_4972737643798933591_n.jpg?stp=dst-jpg_e0_s150x150_tt6&efg=eyJ2ZW5jb2RlX3RhZyI6InByb2ZpbGVfcGljLmRqYW5nby4xMDA0LmMyIn0&_nc_ht=scontent-den2-1.cdninstagram.com&_nc_cat=104&_nc_oc=Q6cZ2gEZuEM7uCxPyifNImZpdy_eSPI3WDDhI3JV4ex7xsNlNauLLKSBg21la77-VataDbo&_nc_ohc=fyIHz7BF91sQ7kNvwGcTX0b&_nc_gid=WTbR73A-hYJJukwclIDQOg&edm=AOQ1c0wBAAAA&ccb=7-5&oh=00_Af9DbXBu9WrNcBbq_4Vufq2EFeWuYoRh5k_4g5B_SVsaqA&oe=6A34B6CE&_nc_sid=8b3546,11626,16,1944,2026-06-14T17:20:25.868Z
4fd5fcb3-0db4-4d27-a2f7-5b1e3a5e51e8,jarrydsinclair,3. EDITS CONTENT,https://scontent-iad3-1.cdninstagram.com/v/t51.2885-19/499466225_17899615632221605_8032830841854125022_n.jpg?stp=dst-jpg_e0_s150x150_tt6&efg=eyJ2ZW5jb2RlX3RhZyI6InByb2ZpbGVfcGljLmRqYW5nby4xMDgwLmMyIn0&_nc_ht=scontent-iad3-1.cdninstagram.com&_nc_cat=101&_nc_oc=Q6cZ2gHXJ-1wE5WY8o7Kn5d4JVFkvcQHkZZOIJ-np17RFPTZCUq8QaTWcJ4OeaT4oVRg-uk&_nc_ohc=vuFpRL5oKlUQ7kNvwF5eMck&_nc_gid=-CVckEHiF0TSArhps1Uupw&edm=AOQ1c0wBAAAA&ccb=7-5&oh=00_Af8MMWzHnmUw5H4AX5mCrT3s2a2LhsvUNttZ7LrHqh_ojg&oe=6A34A5F2&_nc_sid=8b3546,52274,0,0,2026-06-14T17:20:53.502Z
fa38d985-6430-4388-bfb1-030b728531b7,moksh.vasant,2. PB ADVENTURE,https://scontent-lax3-1.cdninstagram.com/v/t51.82787-19/703843845_18409661938145385_1766298435942397484_n.jpg?stp=dst-jpg_e0_s150x150_tt6&efg=eyJ2ZW5jb2RlX3RhZyI6InByb2ZpbGVfcGljLmRqYW5nby4xMDgwLmMyIn0&_nc_ht=scontent-lax3-1.cdninstagram.com&_nc_cat=109&_nc_oc=Q6cZ2gFQ_iVmPZZKtxlH3RsSJUU3w5VG9wvDKiebWRzCZRF4ugpTs00thXqZBSfxSAQItzA&_nc_ohc=xZhzIpXlliEQ7kNvwE24aRu&_nc_gid=HeXab7UDa2u4mwWymEps3Q&edm=AOQ1c0wBAAAA&ccb=7-5&oh=00_Af-W4PXKi446BdeSXppBpfQB_oA1v819-CBSrs4i7J38QA&oe=6A34B6B5&_nc_sid=8b3546,140747,22,24108,2026-06-14T17:21:46.207Z
1971070f-1489-4167-8970-db553ee10f06,santhoshdesign,1. LEADER CONTENT,https://scontent-bos5-1.cdninstagram.com/v/t51.82787-19/657358322_18021510674821563_1491289766872008023_n.jpg?stp=dst-jpg_e0_s150x150_tt6&efg=eyJ2ZW5jb2RlX3RhZyI6InByb2ZpbGVfcGljLmRqYW5nby4xMDgwLmMyIn0&_nc_ht=scontent-bos5-1.cdninstagram.com&_nc_cat=103&_nc_oc=Q6cZ2gEgWuOb01r29aAOkqqRC6hteDVx3fgiHKFWs8FW-SrexXcCRVWOP_P2VsDvGzYZeLY&_nc_ohc=1SZy7njOhd0Q7kNvwFkp_-3&_nc_gid=_K8yihUr558FcewPba7WNw&edm=AOQ1c0wBAAAA&ccb=7-5&oh=00_Af-0lZ8_FWsjokcoP9efTKRDhCNAXAw53n9Q11Cbze3L2w&oe=6A34B47F&_nc_sid=8b3546,166213,11,18081,2026-06-14T17:22:08.384Z
146f8e09-ef5c-4b55-b643-9f2b2e6ef15f,priyanshu.radia,2. PB ADVENTURE,https://scontent-lax7-1.cdninstagram.com/v/t51.82787-19/658898054_18039694163784805_617170626765529089_n.jpg?stp=dst-jpg_e0_s150x150_tt6&efg=eyJ2ZW5jb2RlX3RhZyI6InByb2ZpbGVfcGljLmRqYW5nby4zOTQuYzIifQ&_nc_ht=scontent-lax7-1.cdninstagram.com&_nc_cat=101&_nc_oc=Q6cZ2gGsZ2fpcnICJk-3RBvkwlclqc2C3EwQyeme6xTF0L30y4dnOtKUh9h2MPbQ8lzGmvU&_nc_ohc=nIHtIW11_BkQ7kNvwFWA7d-&_nc_gid=pDVwd8jYjgtjLPleT-kN_w&edm=AOQ1c0wBAAAA&ccb=7-5&oh=00_Af_-_i7mJm97Ixa8x1Ytb09gfUytaG3WOE-rePBD7QJfLQ&oe=6A34C0EE&_nc_sid=8b3546,23003,1,18600,2026-06-14T17:22:35.957Z
570aee03-e5ab-4b0b-9319-fb1e3692fc31,sohamrajsinh_jadeja,2. PB ADVENTURE,https://scontent-iad6-1.cdninstagram.com/v/t51.82787-19/711736647_18237213247308513_7328750820406014826_n.jpg?stp=dst-jpg_e0_s150x150_tt6&efg=eyJ2ZW5jb2RlX3RhZyI6InByb2ZpbGVfcGljLmRqYW5nby41NjEuYzIifQ&_nc_ht=scontent-iad6-1.cdninstagram.com&_nc_cat=109&_nc_oc=Q6cZ2gHRQRapFAjVcuxnRw-JtGL8XGBhuPRkWDJ3LIEcdUNVSotIgh1y_aLitUBb6sKY-OE&_nc_ohc=Jhhui8V6RmwQ7kNvwHypWtt&_nc_gid=T1EHMYiWMgdnIPXUCP60nQ&edm=AOQ1c0wBAAAA&ccb=7-5&oh=00_Af_kKJ1tJMvwVaGMuRLRWTPduSr0MafVF5mP0ySoSj0LkQ&oe=6A349CC2&_nc_sid=8b3546,76027,24,23904,2026-06-14T17:23:09.292Z
898dafed-3fa1-4f5d-a718-3b82668f6089,om.yande,2. PB ADVENTURE,https://scontent-phx1-1.cdninstagram.com/v/t51.82787-19/683166728_17963705229079659_5574286959381039429_n.jpg?stp=dst-jpg_e0_s150x150_tt6&efg=eyJ2ZW5jb2RlX3RhZyI6InByb2ZpbGVfcGljLmRqYW5nby40NDAuYzIifQ&_nc_ht=scontent-phx1-1.cdninstagram.com&_nc_cat=103&_nc_oc=Q6cZ2gE6OpbjiUl3_ikymQ_XmyFGgRzTaMs4EP6vrildi5usUwSKUcijxs1W-vV_gHsEdoc&_nc_ohc=imYPi95bF7AQ7kNvwH5uFen&_nc_gid=d5smZboqXn0w_FkWlmS0Wg&edm=AOQ1c0wBAAAA&ccb=7-5&oh=00_Af9aaDM3ODFH9kKqJssgPescbjYdSqIly06sOgm98YBe3A&oe=6A34C69C&_nc_sid=8b3546,18825,3,85664,2026-06-14T17:23:30.201Z
9a646821-ea05-476c-b2d1-24b62d823f3a,creatorkarro,2. PB ADVENTURE,https://scontent-hou1-1.cdninstagram.com/v/t51.82787-19/712158708_18137357833557240_4744297237434647820_n.jpg?stp=dst-jpg_e0_s150x150_tt6&efg=eyJ2ZW5jb2RlX3RhZyI6InByb2ZpbGVfcGljLmRqYW5nby43NjcuYzIifQ&_nc_ht=scontent-hou1-1.cdninstagram.com&_nc_cat=100&_nc_oc=Q6cZ2gFNStorqwLv_lOPNeZ536ZF1fvjBL1CQ9NFxHcpOP3SsNRsPXNCCS487s8BsurdHOE&_nc_ohc=U9sMmWultWMQ7kNvwGquKRZ&_nc_gid=oKp_o1R7ZkVqK1nXxiTUcg&edm=AOQ1c0wBAAAA&ccb=7-5&oh=00_Af9tuJtMTKGciSeUtx3IDdUoJAPJ9XkjYCg-SGGv59lHIw&oe=6A34CA4F&_nc_sid=8b3546,516734,3,42479,2026-06-14T17:23:49.811Z
2650992e-c0a0-48a1-a8f1-2b5539e44287,hormozi,1. LEADER CONTENT,https://scontent-atl3-1.cdninstagram.com/v/t51.82787-19/517386261_18283544059250343_2310324648245609872_n.jpg?stp=dst-jpg_e0_s150x150_tt6&efg=eyJ2ZW5jb2RlX3RhZyI6InByb2ZpbGVfcGljLmRqYW5nby4xMDgwLmMyIn0&_nc_ht=scontent-atl3-1.cdninstagram.com&_nc_cat=1&_nc_oc=Q6cZ2gG30szAfK3j7aDrpoA-RuwSNv3sAC3i3X3DDZE29uDnP1Zuwi6H8-xKZ8YXU-0DCqs&_nc_ohc=nOlkdO7XWLEQ7kNvwHHjQH1&_nc_gid=hHK0J9PmAljXtsseRGZgTg&edm=AOQ1c0wBAAAA&ccb=7-5&oh=00_Af985Mmox3b5z6_YYsKkuN8S5XENi65qW0zfOV4AB_SN9w&oe=6A34CE00&_nc_sid=8b3546,4728413,88,302793,2026-06-14T17:25:22.868Z
a9130a92-7ff8-4a70-a674-bdc2e1804762,aryan_kole,2. PB ADVENTURE,https://instagram.fsac1-1.fna.fbcdn.net/v/t51.82787-19/538179787_18193129318315482_5044048798029220044_n.jpg?stp=dst-jpg_e0_s150x150_tt6&efg=eyJ2ZW5jb2RlX3RhZyI6InByb2ZpbGVfcGljLmRqYW5nby4xMDgwLmMyIn0&_nc_ht=instagram.fsac1-1.fna.fbcdn.net&_nc_cat=106&_nc_oc=Q6cZ2gFH5JIRjXJ7Dvup5YgWqI4Enjej0FExDoeJ9oCRRdyH3As3N5h80968GoFoSLXoRyM&_nc_ohc=Gy8_QSqp-JsQ7kNvwHagjip&_nc_gid=TQmfjRQxkYA2tNHVAgVDlg&edm=AOQ1c0wBAAAA&ccb=7-5&oh=00_Af84J47EN31I-zr9ZZySkpZF9ZpyZmyYHdwtrUXQqCo68w&oe=6A34CE41&_nc_sid=8b3546,7157,6,88748,2026-06-14T17:25:44.005Z
d36f5316-a466-4d27-8e15-49099a686f49,asli_creates,2. PB ADVENTURE,https://instagram.fjan1-1.fna.fbcdn.net/v/t51.82787-19/610069950_17945052975093927_5680017658502580360_n.jpg?stp=dst-jpg_e0_s150x150_tt6&efg=eyJ2ZW5jb2RlX3RhZyI6InByb2ZpbGVfcGljLmRqYW5nby4xMDgwLmMyIn0&_nc_ht=instagram.fjan1-1.fna.fbcdn.net&_nc_cat=103&_nc_oc=Q6cZ2gERCBha-UoW_HnBOGIEjobzsiDDyiRnauwJg8iAU6qJhNsRMTa8z7PgZeLOZj98m48&_nc_ohc=SjYtN-BrpCwQ7kNvwHJoIli&_nc_gid=tvZZod83TO5MBt2POKXzyA&edm=AOQ1c0wBAAAA&ccb=7-5&oh=00_Af839-AO56JbGs15EX5fWmIQjKOzI7o2AY5vXo1PBpyaxw&oe=6A34AF9F&_nc_sid=8b3546,162065,41,9841,2026-06-14T17:27:01.923Z
0fd49257-4a27-47bf-addb-243a365ff6c3,rishiudapurkar,2. PB ADVENTURE,https://scontent-lax3-1.cdninstagram.com/v/t51.82787-19/527242225_18519670108061157_3525388857038562380_n.jpg?stp=dst-jpg_e0_s150x150_tt6&efg=eyJ2ZW5jb2RlX3RhZyI6InByb2ZpbGVfcGljLmRqYW5nby45MTYuYzIifQ&_nc_ht=scontent-lax3-1.cdninstagram.com&_nc_cat=109&_nc_oc=Q6cZ2gGnPwCSaD3-6T81zSjy-7kJrp-iIdK2EtLo02d8IWHaE-XQ5ExsWc74-PsANSsymDM&_nc_ohc=GP7xRVXuh3sQ7kNvwGcaj_n&_nc_gid=HqDBmuBQWgybua-AejUQug&edm=AOQ1c0wBAAAA&ccb=7-5&oh=00_Af9eBgNjuv_Cca7SP_n25acFI6oglxhOu2lkj1IG31rdcA&oe=6A34A6C2&_nc_sid=8b3546,114265,15,43831,2026-06-14T17:27:19.761Z
8fe91a6f-f692-46b7-9b09-a6317f0c8aa3,longevitypenguin,2. PB ADVENTURE,https://scontent-atl3-2.cdninstagram.com/v/t51.82787-19/565348687_18288839302279994_2652845597302424511_n.jpg?stp=dst-jpg_e0_s150x150_tt6&efg=eyJ2ZW5jb2RlX3RhZyI6InByb2ZpbGVfcGljLmRqYW5nby4xMDgwLmMyIn0&_nc_ht=scontent-atl3-2.cdninstagram.com&_nc_cat=102&_nc_oc=Q6cZ2gEM0fWh1T67iB1UyQkIXAR7FVLNKW0y5YqYtoLSRXjHF2WbjLg28ZU6QWUAiBijtUE&_nc_ohc=FLk9dKzgeUQQ7kNvwFzDNRO&_nc_gid=Wxfw2lOpljTv-E--_6qWIg&edm=AOQ1c0wBAAAA&ccb=7-5&oh=00_Af9T1OerRj2QSjNW7CPnFJE98Za4urMwB1p-cz6woiOxrQ&oe=6A349CFD&_nc_sid=8b3546,84813,14,5299,2026-06-14T17:28:40.151Z
af206a11-b7c4-448c-a529-0f2a9f3390a4,danieldalen,2. PB ADVENTURE,https://scontent-ord5-1.cdninstagram.com/v/t51.2885-19/458958005_3689950721316822_720599924108679768_n.jpg?stp=dst-jpg_e0_s150x150_tt6&efg=eyJ2ZW5jb2RlX3RhZyI6InByb2ZpbGVfcGljLmRqYW5nby4xMDgwLmMyIn0&_nc_ht=scontent-ord5-1.cdninstagram.com&_nc_cat=106&_nc_oc=Q6cZ2gE8e7drscdce2GVO263zdDvN7wqRAgxUuK5J-CxayHs3k9k2Y4qsB8nlK28Z7pqjHo&_nc_ohc=uIVPnX46kv4Q7kNvwGPJ5b4&_nc_gid=YyMdaaTZwlzxOS-LZFUP1A&edm=AOQ1c0wBAAAA&ccb=7-5&oh=00_Af98wdaijFNsvEleMkYIguWTD5dSEPdVE8bDO0fgWtVB0Q&oe=6A34B10F&_nc_sid=8b3546,215383,0,0,2026-06-14T17:28:53.529Z
a36f5303-bf6b-4979-a3b4-1abde99412c1,michaelkitka,2. PB ADVENTURE,https://scontent-lga3-1.cdninstagram.com/v/t51.2885-19/509857382_18486964609064823_4362739485387469999_n.jpg?stp=dst-jpg_e0_s150x150_tt6&efg=eyJ2ZW5jb2RlX3RhZyI6InByb2ZpbGVfcGljLmRqYW5nby4xMDgwLmMyIn0&_nc_ht=scontent-lga3-1.cdninstagram.com&_nc_cat=103&_nc_oc=Q6cZ2gF94qlw0yFem0QfdoN8wetTWJIqXlxHkBj6KfBnEIHQscTBwvSiAcKDLygGSnt7uP8&_nc_ohc=tF1j3zBTXfMQ7kNvwGpaqmq&_nc_gid=V9pjpi2xKGlu0eyUiEI-SQ&edm=AOQ1c0wBAAAA&ccb=7-5&oh=00_Af-oO67i1XhODx0XyHYsn0UR0e8vao2IMAZ32oo24223Xg&oe=6A349FFC&_nc_sid=8b3546,32070,22,2471,2026-06-14T17:29:49.451Z
4fbd557f-6f8a-4b54-abf8-a2ba048f510d,samhxtr,2. PB ADVENTURE,https://scontent-lax3-1.cdninstagram.com/v/t51.82787-19/542305568_17904365043250581_6296293897195172650_n.jpg?stp=dst-jpg_e0_s150x150_tt6&efg=eyJ2ZW5jb2RlX3RhZyI6InByb2ZpbGVfcGljLmRqYW5nby4xMDgwLmMyIn0&_nc_ht=scontent-lax3-1.cdninstagram.com&_nc_cat=109&_nc_oc=Q6cZ2gFordxs_pV0TWIH0S4AFG-yjXUNr7GWZ69Y_qoYLSekkja6tNM06kBid6rrJJ8tJeI&_nc_ohc=VEI5Gd9EirUQ7kNvwH9MP6N&_nc_gid=bbyzkxR-uXbndZm4Ra8RKg&edm=AOQ1c0wBAAAA&ccb=7-5&oh=00_Af8EN_kvA6SXCoboxc7Xp_eQDSoRVjwP_N5qP0q_P8tHNA&oe=6A34AC03&_nc_sid=8b3546,67306,28,1578,2026-06-14T17:31:48.105Z
93ef0a5a-ec22-40df-9699-538d582ac9d2,sooweigoh,2. PB ADVENTURE,https://scontent-atl3-2.cdninstagram.com/v/t51.2885-19/452673174_474064455574430_5115074999082160287_n.jpg?stp=dst-jpg_e0_s150x150_tt6&efg=eyJ2ZW5jb2RlX3RhZyI6InByb2ZpbGVfcGljLmRqYW5nby41MzEuYzIifQ&_nc_ht=scontent-atl3-2.cdninstagram.com&_nc_cat=102&_nc_oc=Q6cZ2gF9JNEMrqhWrotk8qLYYR0mk_6TNzSXvw6s01PcV2THoRc0X2GktdZ61Dgojqw9C5U&_nc_ohc=TwktxEr42GIQ7kNvwEr7u8S&_nc_gid=sGoMJ1Hnzwi0wUaMjWw60A&edm=AOQ1c0wBAAAA&ccb=7-5&oh=00_Af80xSNjAG61b5CW2HhERKTQ5IqvYyNyeTt-O6M1xr-4MA&oe=6A34C036&_nc_sid=8b3546,119536,27,27652,2026-06-14T17:32:58.493Z
b2069009-7471-464d-9fff-32fbe27a0d75,filatov.design,1. LEADER CONTENT,https://scontent-ord5-3.cdninstagram.com/v/t51.2885-19/473542256_2283340952045458_9155962438262161792_n.jpg?stp=dst-jpg_e0_s150x150_tt6&efg=eyJ2ZW5jb2RlX3RhZyI6InByb2ZpbGVfcGljLmRqYW5nby4xMDgwLmMyIn0&_nc_ht=scontent-ord5-3.cdninstagram.com&_nc_cat=110&_nc_oc=Q6cZ2gGLK80Mb1MY1j-BfqdHWQkdCs3C1trlJtjBH9kBSYy7Kw1uwbNlW8mVgm4bloNg9CU&_nc_ohc=sPTMY0dGPyYQ7kNvwHieiOm&_nc_gid=t3HFY9qpGpnkqdCQNyPpJQ&edm=AOQ1c0wBAAAA&ccb=7-5&oh=00_Af-OZ9ZABnpZcw1QyeLnAevKgmJrtSVDcahuZlzPdNwA-Q&oe=6A34C18E&_nc_sid=8b3546,278131,6,19322,2026-06-14T17:33:27.355Z
95320530-3fbf-45fc-ad01-e12af3676e94,vetcha.roopesh,2. PB ADVENTURE,https://instagram.fsac1-1.fna.fbcdn.net/v/t51.82787-19/685622458_18113923132832275_7854451186960785997_n.jpg?stp=dst-jpg_e0_s150x150_tt6&efg=eyJ2ZW5jb2RlX3RhZyI6InByb2ZpbGVfcGljLmRqYW5nby4xMDgwLmMyIn0&_nc_ht=instagram.fsac1-1.fna.fbcdn.net&_nc_cat=107&_nc_oc=Q6cZ2gGP0fjmQu9C_EVJyIcBi8fsiPg6KTyQuObTRqguqsNOn1e1hl11dYgHjfkNtlOb41k&_nc_ohc=wMp5tqFfM0AQ7kNvwHZV5DG&_nc_gid=rNqL1ZTTz_DPBkrsRRhOgw&edm=AOQ1c0wBAAAA&ccb=7-5&oh=00_Af946ZldP3Yl4rrli2uKX_2N_zl7N4qM7RZTZrU57w0m1g&oe=6A34C703&_nc_sid=8b3546,41986,4,15691,2026-06-14T17:33:55.741Z
092012b9-0279-4391-a08d-ff190311bc2d,uiux_meet,Carousel Creators,https://scontent-iad3-2.cdninstagram.com/v/t51.82787-19/670487487_18088039379201475_9219798066145266834_n.jpg?stp=dst-jpg_e0_s150x150_tt6&efg=eyJ2ZW5jb2RlX3RhZyI6InByb2ZpbGVfcGljLmRqYW5nby4xMDgwLmMyIn0&_nc_ht=scontent-iad3-2.cdninstagram.com&_nc_cat=103&_nc_oc=Q6cZ2gEELeoIqiDvzuzNHqABOuM5a310Ku2QnqwpZm5CX-UtGwIMDnY3bw2bcc1b69vYOak&_nc_ohc=Wm4sx8sKv8cQ7kNvwHBHDor&_nc_gid=yDNVSGpZ4-Q_APlIhOtZ5Q&edm=AOQ1c0wBAAAA&ccb=7-5&oh=00_Af_1RooyVZwHaIH4Tb9IJLw241pfUabEOat4sNAq2o4Y3w&oe=6A34A77F&_nc_sid=8b3546,44529,0,0,2026-06-14T17:34:26.622Z
eda016b2-9fa6-4069-99df-5d5b076c97fe,zeeeljain,4. AI CREATORS,https://scontent-lga3-2.cdninstagram.com/v/t51.82787-19/627531550_18036403892780249_5564546927420601235_n.jpg?stp=dst-jpg_e0_s150x150_tt6&efg=eyJ2ZW5jb2RlX3RhZyI6InByb2ZpbGVfcGljLmRqYW5nby42MjEuYzIifQ&_nc_ht=scontent-lga3-2.cdninstagram.com&_nc_cat=105&_nc_oc=Q6cZ2gEZkVUKcLet273xS6bgDE_4_iBbAYhhtVkqREZesbHvP4FQ6cmaNHeVayAC_qJU2W0&_nc_ohc=t61OTpQCfioQ7kNvwHwYBRh&_nc_gid=HAhyCdJsBHKeeyrqq6WOwA&edm=AOQ1c0wBAAAA&ccb=7-5&oh=00_Af__xzhQdJ-Mh-EZls8lmiw83vchRRwazzf9dVbK-Up4_w&oe=6A349FC9&_nc_sid=8b3546,129128,46,17430,2026-06-14T17:10:30.848Z
617d3abe-9e98-4962-8c96-567d0bee4222,ui.martin,1. LEADER CONTENT,https://scontent-sjc6-1.cdninstagram.com/v/t51.82787-19/553289355_18295906654269244_2324348791075675250_n.jpg?stp=dst-jpg_e0_s150x150_tt6&efg=eyJ2ZW5jb2RlX3RhZyI6InByb2ZpbGVfcGljLmRqYW5nby4xMDU2LmMyIn0&_nc_ht=scontent-sjc6-1.cdninstagram.com&_nc_cat=104&_nc_oc=Q6cZ2gEbIzY6sg4wpQ8-dizVS1cJe5ETIGSi_2SqvtdywhPjBQEFpSeaFYUZR-h4OD4feHg&_nc_ohc=v9AR5PKvjBYQ7kNvwEv9uj1&_nc_gid=vfjeNLgwNVd95NIN7djZHg&edm=AOQ1c0wBAAAA&ccb=7-5&oh=00_Af-RD20DPabYGQraQDIGz3bzXbF4q0tIC1l_aXtSHa2E5A&oe=6A34A179&_nc_sid=8b3546,138336,6,10262,2026-06-14T17:12:44.452Z
648920e8-eeda-475f-ab66-dc88dd4236e0,ui.johnson,1. LEADER CONTENT,https://scontent-sjc6-1.cdninstagram.com/v/t51.82787-19/612417679_18071161169572204_1318599808180174118_n.jpg?stp=dst-jpg_e0_s150x150_tt6&efg=eyJ2ZW5jb2RlX3RhZyI6InByb2ZpbGVfcGljLmRqYW5nby4xMDgwLmMyIn0&_nc_ht=scontent-sjc6-1.cdninstagram.com&_nc_cat=104&_nc_oc=Q6cZ2gGAnukdBtovx5oZvCQtBp7pSsbLeUPRvrgY5LSauqwYOOK55i9f7Yg1Fz4ZGn4laUY&_nc_ohc=-74qwhZfpp8Q7kNvwGe71FR&_nc_gid=hGds0P0dXbEH5iw6LNIxew&edm=AOQ1c0wBAAAA&ccb=7-5&oh=00_Af_4Joq0x1Yf1WYm2Pq3SrUxjp__e93XfURju21Da891JQ&oe=6A34C496&_nc_sid=8b3546,414927,13,153084,2026-06-14T17:14:13.236Z
cf798b20-dba5-41fd-86da-2e01450f304a,basit.designs,Carousel Creators,https://scontent-atl3-1.cdninstagram.com/v/t51.82787-19/656239249_18131652310544499_3871913530065015268_n.jpg?stp=dst-jpg_e0_s150x150_tt6&efg=eyJ2ZW5jb2RlX3RhZyI6InByb2ZpbGVfcGljLmRqYW5nby4xMDgwLmMyIn0&_nc_ht=scontent-atl3-1.cdninstagram.com&_nc_cat=103&_nc_oc=Q6cZ2gFhpEEk8dPLmb0HFgVfxfloEfk9TT0YSe3I0kSIU30cvvcXeh8s5qj9gpe701PzQ94&_nc_ohc=8_BCvtZkMEMQ7kNvwGCCeo3&_nc_gid=mPoOZwfkS8H6XyeAq08aqw&edm=AOQ1c0wBAAAA&ccb=7-5&oh=00_Af8W5yOsZv6I_HeK6dVUfyNaMu520F_herX0DBJuAtWIaw&oe=6A34BD20&_nc_sid=8b3546,86566,0,0,2026-06-14T17:15:20.711Z
d88fbd36-0469-4b50-9ef8-0541f4d72b97,abdul_rab_ammar,1. LEADER CONTENT,https://scontent-hou1-1.cdninstagram.com/v/t51.82787-19/643555207_17982248774973603_6622592399419563080_n.jpg?stp=dst-jpg_e0_s150x150_tt6&efg=eyJ2ZW5jb2RlX3RhZyI6InByb2ZpbGVfcGljLmRqYW5nby40MTUuYzIifQ&_nc_ht=scontent-hou1-1.cdninstagram.com&_nc_cat=103&_nc_oc=Q6cZ2gEMeZRli5G3G5IOYo0sp5CPayzPcmLizyF1YT1cXzWKt73FUp4gdo2snYITOlsI3rg&_nc_ohc=y4NYIgAslV4Q7kNvwGAGL9r&_nc_gid=_D8PXuFUrgf9lFF5khzmxg&edm=AOQ1c0wBAAAA&ccb=7-5&oh=00_Af_QeKhxtBqb6OMeL10sVk7qADL3ijLDAQRao-BzbtpLRA&oe=6A34CD32&_nc_sid=8b3546,60618,4,13622,2026-06-14T18:07:10.743Z
61d91dd0-b395-42ad-a362-98f08834b5c7,adrien.ninet,1. LEADER CONTENT,https://scontent-lga3-2.cdninstagram.com/v/t51.82787-19/561586453_17994922199833709_6612000894368240917_n.jpg?stp=dst-jpg_e0_s150x150_tt6&efg=eyJ2ZW5jb2RlX3RhZyI6InByb2ZpbGVfcGljLmRqYW5nby4xMDgwLmMyIn0&_nc_ht=scontent-lga3-2.cdninstagram.com&_nc_cat=105&_nc_oc=Q6cZ2gF8gmdZI-NG6Dr3kXTmXoIKEOO1kzCtE2Df_GToml3K5B8vb_3kGqRKmPZjS9lpuP0&_nc_ohc=mfthzEwMdwwQ7kNvwGarPJq&_nc_gid=8W9K2iPeC0hB0Lb04mn5-Q&edm=AOQ1c0wBAAAA&ccb=7-5&oh=00_Af8bdl_VkYCP4yKqDqpMOBWX-aoqZbYA-XBNypD6b6TBwA&oe=6A34DA8C&_nc_sid=8b3546,300402,7,48731,2026-06-14T18:11:09.769Z
8353110a-635b-4c01-a723-95a4c27f69ea,supercharge.design,Carousel Creators,https://scontent-lax3-1.cdninstagram.com/v/t51.82787-19/712389448_18322751614286654_933387030963265979_n.jpg?stp=dst-jpg_e0_s150x150_tt6&efg=eyJ2ZW5jb2RlX3RhZyI6InByb2ZpbGVfcGljLmRqYW5nby4xMDgwLmMyIn0&_nc_ht=scontent-lax3-1.cdninstagram.com&_nc_cat=102&_nc_oc=Q6cZ2gGydY1FEOx6PZqJnx1MYh_ZeYNaoqOGVB4eEbtlvfDFaphghYmk55GyqzIzCb9-WNA&_nc_ohc=Y2Hx5NaBqo8Q7kNvwFbHPC2&_nc_gid=Hvt24i4uWfJaZvx63Q3Skw&edm=AOQ1c0wBAAAA&ccb=7-5&oh=00_Af_Xoj4Av1LslVRTNmaI0P8VlSWuWRkp_OvzqpDTD6WaHQ&oe=6A34D1FC&_nc_sid=8b3546,127705,0,0,2026-06-14T18:12:50.825Z
e8c5d469-1c3a-4d27-b61b-31c5480e9b06,uiadrian,Carousel Creators,https://scontent-hou1-1.cdninstagram.com/v/t51.82787-19/589724030_18086562605480549_2261943022776526129_n.jpg?stp=dst-jpg_e0_s150x150_tt6&efg=eyJ2ZW5jb2RlX3RhZyI6InByb2ZpbGVfcGljLmRqYW5nby4xMDgwLmMyIn0&_nc_ht=scontent-hou1-1.cdninstagram.com&_nc_cat=105&_nc_oc=Q6cZ2gHFc6fB3IPT4Foq4gajjcb1SAbyf9Ud0z2nvDf7jSiDs4DCVdzzaCJZN4KHCCgHPS8&_nc_ohc=NJp2pyHRaHgQ7kNvwE3LgLC&_nc_gid=CGdetijklIMqDKRDas_U5Q&edm=AOQ1c0wBAAAA&ccb=7-5&oh=00_Af8y0Wo4AyvVaQOjEY2GVUq-GDaVcGdL6cFBcS9XFN65cA&oe=6A34DDE0&_nc_sid=8b3546,247858,1,28651,2026-06-14T18:14:49.848Z
4e0597c8-3279-45f4-8514-ce47b65e9529,fazurrehman,1. LEADER CONTENT,https://instagram.fmem1-1.fna.fbcdn.net/v/t51.2885-19/504495491_18510728518000212_684588795944735315_n.jpg?stp=dst-jpg_e0_s150x150_tt6&efg=eyJ2ZW5jb2RlX3RhZyI6InByb2ZpbGVfcGljLmRqYW5nby4xMDAwLmMyIn0&_nc_ht=instagram.fmem1-1.fna.fbcdn.net&_nc_cat=100&_nc_oc=Q6cZ2gE8AsZx0-9jomvwWeOyQ_M-1xp3ijLq-uQud43vxX0M99Xi_5xs2taLDFvscy9gcFE&_nc_ohc=i-sT3xEESE4Q7kNvwELJorG&_nc_gid=UgwKryK8jsPfOt0_qo31Xw&edm=AOQ1c0wBAAAA&ccb=7-5&oh=00_Af8grp6jfESoKb5uW6-pKPHW9eB19zwvwL-roHU76XSa1Q&oe=6A34B27D&_nc_sid=8b3546,55234,2,11368,2026-06-14T18:15:44.644Z
7bfd2d21-99ac-4ff5-83e2-4f3d26d8aafc,dami.ux,Carousel Creators,https://scontent-atl3-1.cdninstagram.com/v/t51.82787-19/673814526_18371975365164774_4332945028628130927_n.jpg?stp=dst-jpg_e0_s150x150_tt6&efg=eyJ2ZW5jb2RlX3RhZyI6InByb2ZpbGVfcGljLmRqYW5nby4xMDgwLmMyIn0&_nc_ht=scontent-atl3-1.cdninstagram.com&_nc_cat=106&_nc_oc=Q6cZ2gELjWEpE37YPlLbIo77XIUHfNTse8F69yhwzM25XBJFSOYMZN8i-9lhkacqMxyp7FA&_nc_ohc=PlBp53DtsIsQ7kNvwHZpbHE&_nc_gid=KUVneJ6kXiXMPFd7zGvXgg&edm=AOQ1c0wBAAAA&ccb=7-5&oh=00_Af9e5MgUeGmon6Up_603bcFwYnxYIqy_cGq0I0SsvAgQ5w&oe=6A34D6B8&_nc_sid=8b3546,24093,0,0,2026-06-14T18:16:40.775Z
9630d39f-d84d-4255-902f-044225c02fd1,suraj.dsgn,Carousel Creators,https://scontent-mia3-3.cdninstagram.com/v/t51.82787-19/604112180_17889955347392372_2520028613667554522_n.jpg?stp=dst-jpg_e0_s150x150_tt6&efg=eyJ2ZW5jb2RlX3RhZyI6InByb2ZpbGVfcGljLmRqYW5nby4xMDgwLmMyIn0&_nc_ht=scontent-mia3-3.cdninstagram.com&_nc_cat=108&_nc_oc=Q6cZ2gHh-O9zoqVi8Jc9Wso1nZLNPADjYpu_AGgh4Pqg9MK7RbWQk04U8QCsVRMyUr4paKU&_nc_ohc=-6niRvOGXqcQ7kNvwHIzgPB&_nc_gid=6XH1kB9GSFcCVF9MjyrZww&edm=AOQ1c0wBAAAA&ccb=7-5&oh=00_Af8cRWsJ8cV8g7F6KhGZqAWV9WItL5GCQh1wVLPXbw8WfA&oe=6A34BE98&_nc_sid=8b3546,46851,0,0,2026-06-14T18:19:04.834Z
ab90e8d9-0df7-4ecc-a43e-ecddb350db6c,craftwork.design,Carousel Creators,https://scontent-lax3-1.cdninstagram.com/v/t51.2885-19/486313141_1168456411014806_8009623577242197692_n.jpg?stp=dst-jpg_e0_s150x150_tt6&efg=eyJ2ZW5jb2RlX3RhZyI6InByb2ZpbGVfcGljLmRqYW5nby4xMDI0LmMyIn0&_nc_ht=scontent-lax3-1.cdninstagram.com&_nc_cat=102&_nc_oc=Q6cZ2gFI0VFIjPeQ170Yl9-5A7yPdkUdoN_RZvBymlsA4CJWyEXBifdSJQBXFE5CGz5PN7BEY2s-SMMcrxLqSCi1U_R1&_nc_ohc=xCKAZH1Ue_EQ7kNvwERj_EV&_nc_gid=YCkNGLkwjRc_S4CIMDOtEA&edm=AOQ1c0wBAAAA&ccb=7-5&oh=00_Af8Y11iEq22beOlYdUWbfEkvR4nY7NII28UG1yAxEgD21g&oe=6A34D17A&_nc_sid=8b3546,48282,0,0,2026-06-14T18:20:32.894Z
e5a2f630-0ebb-431b-90c7-51a3d4a3680f,uiux.asim,1. LEADER CONTENT,https://scontent-atl3-3.cdninstagram.com/v/t51.82787-19/573027880_18538641868063597_649853513843015354_n.jpg?stp=dst-jpg_e0_s150x150_tt6&efg=eyJ2ZW5jb2RlX3RhZyI6InByb2ZpbGVfcGljLmRqYW5nby4xMDgwLmMyIn0&_nc_ht=scontent-atl3-3.cdninstagram.com&_nc_cat=1&_nc_oc=Q6cZ2gEGuaYNkl_mBz3Nk9K0iMg7r9LWCcyjEZr2k7j-nxTSPkVwBsq-xZFM4nwpHdp2Kn8&_nc_ohc=ozxtAOJemwsQ7kNvwEotya1&_nc_gid=KMSMAP0kRhjfBg-v_yd6kg&edm=AOQ1c0wBAAAA&ccb=7-5&oh=00_Af86Y2kvO5mTlzjKJ2SRL7W2a9VNgTuUnTzOhcFw6gOLpQ&oe=6A34D3D3&_nc_sid=8b3546,70371,9,25081,2026-06-14T18:21:50.803Z
607a797c-806d-4d15-94cc-a78eb0f1fc35,thevarunmayya,4. AI CREATORS,https://scontent-dfw5-3.cdninstagram.com/v/t51.82787-19/569029946_18290634061256762_9126468070589302935_n.jpg?stp=dst-jpg_e0_s150x150_tt6&efg=eyJ2ZW5jb2RlX3RhZyI6InByb2ZpbGVfcGljLmRqYW5nby43NjguYzIifQ&_nc_ht=scontent-dfw5-3.cdninstagram.com&_nc_cat=1&_nc_oc=Q6cZ2gHJpqJFOcLD0URHyhxD5mEwMPSmHNgQOBifMGqVnG-o4QpSfINe4x-ilTcTTXHVgEQ&_nc_ohc=_Ft0ZKlA12AQ7kNvwEVA-OH&_nc_gid=LAjtrJAtLP50kU0ZuvMXQw&edm=AOQ1c0wBAAAA&ccb=7-5&oh=00_Af_yTop1MMd2XuyXC-1fjnUKfKtIPhmZ-81EGnxiHe2I0Q&oe=6A34AA8E&_nc_sid=8b3546,1280449,26,382628,2026-06-14T18:24:11.016Z
b05a9aa4-fd21-4951-928a-06e93484cf7b,saadsells,1. LEADER CONTENT,https://instagram.flas1-2.fna.fbcdn.net/v/t51.2885-19/440978695_1391484741553594_8114621626978452390_n.jpg?stp=dst-jpg_e0_s150x150_tt6&efg=eyJ2ZW5jb2RlX3RhZyI6InByb2ZpbGVfcGljLmRqYW5nby45NjYuYzIifQ&_nc_ht=instagram.flas1-2.fna.fbcdn.net&_nc_cat=1&_nc_oc=Q6cZ2gGttYOppDmDxM1iJaQ6QFbTsKPVTNHDnc41wwS_aTvVBw80X7YU_UgIL2dYFwwtBjk&_nc_ohc=ortztkvRd8QQ7kNvwF5Gs_-&_nc_gid=z-kPY_lTRRHiEy_UXhA2cw&edm=AOQ1c0wBAAAA&ccb=7-5&oh=00_Af8Ab7h5E9mpI5D6jDHNw0NwTMODzDOT53SnfGW95tCzhw&oe=6A34DA0F&_nc_sid=8b3546,816641,1,239020,2026-06-14T18:24:31.230Z
f0e7d980-ab86-4aa2-8866-9701fa73d0d2,vaibhavsisinty,4. AI CREATORS,https://scontent-dfw5-1.cdninstagram.com/v/t51.2885-19/463069569_1274557937229699_2363566041226076265_n.jpg?stp=dst-jpg_e0_s150x150_tt6&efg=eyJ2ZW5jb2RlX3RhZyI6InByb2ZpbGVfcGljLmRqYW5nby4xMDgwLmMyIn0&_nc_ht=scontent-dfw5-1.cdninstagram.com&_nc_cat=1&_nc_oc=Q6cZ2gEJfORTLrPi8ttsoj9WG_vMOo99t3Ra-41XaJqMCiJdhjoKnXAtz-HcLWfuvRJJDP0&_nc_ohc=p3j8IPPSnNUQ7kNvwG7nIG4&_nc_gid=tRN8Gv-R4Tz-LRw9qDfiWA&edm=AOQ1c0wBAAAA&ccb=7-5&oh=00_Af_xut0xVEUVz7-PXkQwD_YAF7S5tArcrl88NLfzdWyygg&oe=6A34D801&_nc_sid=8b3546,2035567,94,401127,2026-06-14T18:26:24.798Z
3a6e95e5-013f-4a8f-ac72-4ca912bcb3be,artzenmedia,3. EDITS CONTENT,https://scontent-lga3-2.cdninstagram.com/v/t51.82787-19/573441674_17947452576062429_3694469068657319217_n.jpg?stp=dst-jpg_e0_s150x150_tt6&efg=eyJ2ZW5jb2RlX3RhZyI6InByb2ZpbGVfcGljLmRqYW5nby4xMDAwLmMyIn0&_nc_ht=scontent-lga3-2.cdninstagram.com&_nc_cat=105&_nc_oc=Q6cZ2gGRIPbYgoAPPyH44ME5wPH8qZ_jbgVRd1XGSIiEd4UDarKr-zci9PXAIppZJjfXCCM&_nc_ohc=gFa_i2SPBZQQ7kNvwHmJZ9Z&_nc_gid=EDYLDdpOn5zA9WZ5mfd2Yw&edm=AOQ1c0wBAAAA&ccb=7-5&oh=00_Af9eNBiE8DLt91lFqyiOAy_JrZye2Rq-WLwUIR7felV_vQ&oe=6A34D976&_nc_sid=8b3546,163760,18,16689,2026-06-14T18:29:34.113Z
a1dae7cd-558b-47b7-8ef5-080ea48afac9,therishishine,Carousel Creators,https://scontent-lga3-1.cdninstagram.com/v/t51.2885-19/456822569_478704051611950_7784464385994362225_n.jpg?stp=dst-jpg_e0_s150x150_tt6&efg=eyJ2ZW5jb2RlX3RhZyI6InByb2ZpbGVfcGljLmRqYW5nby4xMDgwLmMyIn0&_nc_ht=scontent-lga3-1.cdninstagram.com&_nc_cat=110&_nc_oc=Q6cZ2gFmIPTd7Bi0y34VArDHgNkJL2H79qFvjI9bRox0hzQHSAtWhUCOkewnL5qciS0MDvo&_nc_ohc=Y2DZBHuW5cYQ7kNvwEc6ffX&_nc_gid=pehLNumspDffoXY_iTG_Lg&edm=AOQ1c0wBAAAA&ccb=7-5&oh=00_Af919jGgkC2NbQUHL_5U_zSfXKZiRQd62-qClpUxLms8AA&oe=6A34B32A&_nc_sid=8b3546,137642,11,4402,2026-06-14T18:30:22.475Z
f107c538-e0af-42f8-91f5-8807c4f4cc0e,orbixuxui,Carousel Creators,https://scontent-iad6-1.cdninstagram.com/v/t51.2885-19/472248644_2014907615604110_6178540139996578121_n.jpg?stp=dst-jpg_e0_s150x150_tt6&efg=eyJ2ZW5jb2RlX3RhZyI6InByb2ZpbGVfcGljLmRqYW5nby4xMDgwLmMyIn0&_nc_ht=scontent-iad6-1.cdninstagram.com&_nc_cat=102&_nc_oc=Q6cZ2gGTsY7kHzFb3H6z47Z_szrg0WT61ENaN8EnU59H0riOU9uCPd71sLoNIUpktvSBpv8&_nc_ohc=MR8b094nzCIQ7kNvwG862pj&_nc_gid=F8IVaIvkuwU-oFk7SFlXew&edm=AOQ1c0wBAAAA&ccb=7-5&oh=00_Af9E8mpleZMLlEfarfiz6AwLhMa3i-OdvWmyZLdhGQx35g&oe=6A34C960&_nc_sid=8b3546,97791,0,0,2026-06-14T18:31:41.266Z
5dc37c66-515f-4259-9a87-2a0acad2b667,ishansharma7390,4. AI CREATORS,https://instagram.fmem1-2.fna.fbcdn.net/v/t51.82787-19/526183439_18082131514882235_6770573163656859811_n.jpg?stp=dst-jpg_e0_s150x150_tt6&efg=eyJ2ZW5jb2RlX3RhZyI6InByb2ZpbGVfcGljLmRqYW5nby4xMDgwLmMyIn0&_nc_ht=instagram.fmem1-2.fna.fbcdn.net&_nc_cat=111&_nc_oc=Q6cZ2gG2JyKFC5xnCReS7aEqT-CnGfP_OOIvwOXoYNHz4eXdlevlV4c0PyqECmq-zzebgCA&_nc_ohc=Cjn-OdMLgdkQ7kNvwGN82ZZ&_nc_gid=KTgAJ9Xi6kkFcCLHrMsQIw&edm=AOQ1c0wBAAAA&ccb=7-5&oh=00_Af_Ef3xkSNAo00ADoXszycehWSMp-rGw4_ov8zMOUWovFg&oe=6A34C2CA&_nc_sid=8b3546,1294944,45,120344,2026-06-14T18:34:43.110Z
f60483ce-9962-4567-a463-5432d1b08c66,tanishaabhansali,4. AI CREATORS,https://scontent-phl2-1.cdninstagram.com/v/t51.82787-19/534777593_18089856478702682_5166673743723929423_n.jpg?stp=dst-jpg_e0_s150x150_tt6&efg=eyJ2ZW5jb2RlX3RhZyI6InByb2ZpbGVfcGljLmRqYW5nby4xMDgwLmV4cGVyaW1lbnRhbCJ9&_nc_ht=scontent-phl2-1.cdninstagram.com&_nc_cat=102&_nc_oc=Q6cZ2gH5sfMHtAZ4DBJ3PHOPj45fC0jxATI32hPnKoPkm-34lFT05oiIRySqhIXyWUzIgyo&_nc_ohc=F4aEhUZOfmMQ7kNvwE9i-sq&_nc_gid=O77JjFF9iT_9ip60OdLhDg&edm=AOQ1c0wBAAAA&ccb=7-5&oh=00_Af-R3dETyx3UIAquzqj74QvhluWUE1RUux39RgbBphVokg&oe=6A34B3A0&_nc_sid=8b3546,330795,29,74621,2026-06-14T18:52:51.256Z
bceb5fef-78bd-40cc-88a5-cb4772d0fb46,whysaksham,2. PB ADVENTURE,https://scontent-phx1-1.cdninstagram.com/v/t51.82787-19/627682651_18093070358088303_4964232704233610466_n.jpg?stp=dst-jpg_e0_s150x150_tt6&efg=eyJ2ZW5jb2RlX3RhZyI6InByb2ZpbGVfcGljLmRqYW5nby43NjguYzIifQ&_nc_ht=scontent-phx1-1.cdninstagram.com&_nc_cat=103&_nc_oc=Q6cZ2gF3YAxTvF0sUliZ3nXJRLzRb3oJKduMe_Z7j8o1rP2wOW6G8T_rQapDMhYinrOBIyg&_nc_ohc=zfctJANNtwEQ7kNvwF2LAhs&_nc_gid=gNBikQfwdUUjP0SRfjirxQ&edm=AOQ1c0wBAAAA&ccb=7-5&oh=00_Af_ZJFy-4eDFrk0cA1NL0THMJfmMxcPP3_jcvtpDcFmb-w&oe=6A34C1DB&_nc_sid=8b3546,175626,16,31407,2026-06-14T18:55:43.591Z
a544aafa-7c25-41ea-b2e3-9540c1d1a8da,the.artexpo,2. PB ADVENTURE,https://instagram.fdet3-1.fna.fbcdn.net/v/t51.2885-19/385576994_639439814988404_9108092449947884610_n.jpg?stp=dst-jpg_e0_s150x150_tt6&efg=eyJ2ZW5jb2RlX3RhZyI6InByb2ZpbGVfcGljLmRqYW5nby4xMDIyLmMyIn0&_nc_ht=instagram.fdet3-1.fna.fbcdn.net&_nc_cat=108&_nc_oc=Q6cZ2gEUOlYqP6oQRgx_AmOIaGIdWG49glmWuV-cP04lerxgVEMN7l07Vo5oCI2vjE09S7Q&_nc_ohc=1BHmTDgrWMsQ7kNvwH9dXMd&_nc_gid=73vOoJFjZFRMsWDWwJYPTQ&edm=AOQ1c0wBAAAA&ccb=7-5&oh=00_Af-jjzdF4KX2LXXLk_v9E4sRBG3OiqEir9d1b18qzQFFuQ&oe=6A34B85F&_nc_sid=8b3546,26526,3,28036,2026-06-14T18:56:51.655Z
0d0424e1-6aea-4f01-b625-a50e9f6cff79,hritikchawlaa,2. PB ADVENTURE,https://scontent-phx1-1.cdninstagram.com/v/t51.82787-19/714839431_18371644129201622_1628881778382684083_n.jpg?stp=dst-jpg_e0_s150x150_tt6&efg=eyJ2ZW5jb2RlX3RhZyI6InByb2ZpbGVfcGljLmRqYW5nby4xMDgwLmMyIn0&_nc_ht=scontent-phx1-1.cdninstagram.com&_nc_cat=102&_nc_oc=Q6cZ2gFh7i-pZ022jet2BjZBPX7JFtCbSC9jfuu4E8M1_-WRFu1pMFaBhbeNChgfN8grS2Q&_nc_ohc=FIXS8rjksWIQ7kNvwGjpS7k&_nc_gid=DBMGOZmIpcxBlzLzIdStTQ&edm=AOQ1c0wBAAAA&ccb=7-5&oh=00_Af8NGxqptG5lKiTf7GkhhIyse_LRmJM78UCDoQgrXttvYg&oe=6A34CD11&_nc_sid=8b3546,30052,20,13333,2026-06-14T19:01:39.385Z
54501657-bdaa-4bff-964f-5f7c3db55360,alexmegino,3. EDITS CONTENT,https://scontent-mia3-3.cdninstagram.com/v/t51.82787-19/534124549_18537552673043794_3143141306498351662_n.jpg?stp=dst-jpg_e0_s150x150_tt6&efg=eyJ2ZW5jb2RlX3RhZyI6InByb2ZpbGVfcGljLmRqYW5nby4xMDgwLmMyIn0&_nc_ht=scontent-mia3-3.cdninstagram.com&_nc_cat=110&_nc_oc=Q6cZ2gEeOMwXplKTrGlxoCqSnqol1kimssmGYI8iIVmHy4OPwjztINrgXhIrbh8ei1KrOw4&_nc_ohc=GqSFQuvB1KUQ7kNvwEHjPp-&_nc_gid=RIrqDT8NYpUy1hvxeHc07Q&edm=AOQ1c0wBAAAA&ccb=7-5&oh=00_Af-y9jB8ctk09DfvWx17Fv5_7xfPF6FTKizjjOLBp_Ki5g&oe=6A34D09E&_nc_sid=8b3546,132068,12,103904,2026-06-14T19:28:15.294Z
ac139c84-6911-43d7-8ce5-9795bc1a54d1,tullyskett,3. EDITS CONTENT,https://scontent-dfw5-1.cdninstagram.com/v/t51.82787-19/703014255_18536100643072521_2847640524341949884_n.jpg?stp=dst-jpg_e0_s150x150_tt6&efg=eyJ2ZW5jb2RlX3RhZyI6InByb2ZpbGVfcGljLmRqYW5nby4xMDgwLmMyIn0&_nc_ht=scontent-dfw5-1.cdninstagram.com&_nc_cat=109&_nc_oc=Q6cZ2gHqkuX9899gl0bzD3Xh2RETD_0sWJpR8mqK8WLcsq0myy9VzqmJh1yw6VdJ62M8nkE&_nc_ohc=6P6XCcKXXZgQ7kNvwFAcQTX&_nc_gid=e68JrhivpBDDHZ7etHiJHg&edm=AOQ1c0wBAAAA&ccb=7-5&oh=00_Af-2wetYtXbfrx8rZVWl0jvhi1DdGNV40Oo3qXVjF8gMnQ&oe=6A34BE52&_nc_sid=8b3546,28169,82,2839,2026-06-14T19:32:25.746Z
3375f4ea-484a-45fe-90d2-10911ea391d9,ddaan.ct,3. EDITS CONTENT,https://scontent-dfw6-1.cdninstagram.com/v/t51.2885-19/469396253_1119149433220275_7081411099288827945_n.jpg?stp=dst-jpg_e0_s150x150_tt6&efg=eyJ2ZW5jb2RlX3RhZyI6InByb2ZpbGVfcGljLmRqYW5nby4xMDgwLmMyIn0&_nc_ht=scontent-dfw6-1.cdninstagram.com&_nc_cat=103&_nc_oc=Q6cZ2gHVWydn7DMDRDC9rKKlM9lZv3xlKbXIm2cB9EWygxBWeJa9w57bMZBaPyk32fi9ojM&_nc_ohc=uCzSdKauQ0EQ7kNvwHQicQg&_nc_gid=JjNdVBntdCZIgasXwWQBsA&edm=AOQ1c0wBAAAA&ccb=7-5&oh=00_Af_5-qGNEOIyumrfBI39J32qCCYAT9s3KQQS4VHIqLw4WA&oe=6A34EB77&_nc_sid=8b3546,526733,7,105286,2026-06-14T19:32:26.917Z
